"Fonte";"Tema";"Secao";"Subsecao";"Topico";"Sintese";"Contexto"
"manual-de-topografias-de-circuitos-integrados.md";"Topografias de Circuitos Integrados";"1 INTRODUÇÃO";"";"1 INTRODUÇÃO";"Nos últimos anos, a indústria brasileira de circuitos integrados teve um forte impulso com o Programa CI-Brasil 1 . Lançado no ano de 2005, fruto de uma ação conjunta entre o governo federal, empresas e a academia, institui três eixos de ação: incentivar a atividade econômica na área de projetos de circuitos integrados, expandir a formação de projetistas e promover a criação de uma indústria nacional de semicondutores.";"Nos últimos anos, a indústria brasileira de circuitos integrados teve um forte impulso com o Programa CI-Brasil 1 . Lançado no ano de 2005, fruto de uma ação conjunta entre o governo federal, empresas e a academia, institui três eixos de ação: incentivar a atividade econômica na área de projetos de circuitos integrados, expandir a formação de projetistas e promover a criação de uma indústria nacional de semicondutores. Com isso, mais de vinte Designs Houses (DHs), empresas que atuam no desenvolvimento de projetos de circuitos integrados, se instalaram ao longo de todo o território brasileiro. Dentre elas, estão organizações com e sem fins lucrativos, envolvendo, no primeiro caso, empresas privadas nacionais, multinacionais ou startups locais, e, no segundo caso, majoritariamente empresas derivadas (spin-offs) de universidades ou instituições públicas de pesquisa. Além disso, fábricas de circuitos integrados, como o CEITEC – Centro Nacional de Tecnologia Eletrônica Avançada 2 , em Porto Alegre/RS, e a fábrica da HT Micron"
"manual-de-topografias-de-circuitos-integrados.md";"Topografias de Circuitos Integrados";"3 , localizada no";"";"3 , localizada no";"complexo Tecnosinos, em São Leopoldo/RS, também puderam se estabelecer no país. As duas já fabricaram componentes de grande relevância para a sociedade, como, por exemplo, o “Chip do Boi”, empregado para identificação animal, por parte do CEITEC, e chips encapsulados para cartões bancários e telefones celulares, por parte da HT Micron.";"complexo Tecnosinos, em São Leopoldo/RS, também puderam se estabelecer no país. As duas já fabricaram componentes de grande relevância para a sociedade, como, por exemplo, o “Chip do Boi”, empregado para identificação animal, por parte do CEITEC, e chips encapsulados para cartões bancários e telefones celulares, por parte da HT Micron. Estão previstos ainda, pelo CEITEC, em breve, o fornecimento dos chips para os passaportes brasileiros e para o Documento de Identificação Nacional (DIN) 4 . Em 2018, a americana Qualcomm e a chinesa USI anunciaram uma parceria 5 para a construção de uma fábrica e um centro de desenvolvimento de semicondutores na região de Campinas/SP voltada para a “Internet das Coisas” (IoT, sigla em inglês) e smartphones, fruto de um investimento de US$ 200 milhões ao longo de cinco anos. Tais ações são de extrema relevância, pois permitem a redução das importações desses produtos, movimentando a economia, o mercado interno e fortalecendo a indústria nacional. Essa transformação no cenário brasileiro, no setor de semicondutores, reflete um intenso e crescente desenvolvimento tecnológico ao redor do mundo, impulsionado especialmente pela recente ideia de IoT, motor propulsor da nova revolução industrial, a Indústria 4.0 em formação. Essas transformações precisarão ter suporte na eletrônica avançada, através do desenvolvimento de circuitos eletrônicos que tenham a capacidade de realizar cada vez mais funções em menos espaço, o que irá demandar um investimento pesado na indústria de projetos e fabricação de chips. Sendo assim, fez-se necessária a implantação de políticas de propriedade intelectual com o objetivo de salvaguardar aos respectivos titulares os direitos relativos às topografias dos circuitos integrados desenvolvidos, face ao elevado investimen..."
"manual-de-topografias-de-circuitos-integrados.md";"Topografias de Circuitos Integrados";"4 http://jcrs.uol.com.br/_conteudo/2017/04/especiais/dia_da_industria_2017/558253-chips-abrem-portas-paratecnologias";"";"4 http://jcrs.uol.com.br/_conteudo/2017/04/especiais/dia_da_industria_2017/558253-chips-abrem-portas-paratecnologias";"f";"futuristas.html 5 https://g1.globo.com/economia/tecnologia/noticia/qualcomm-anuncia-fabrica-de-chips-para-smartphones-e-internet-das- coisas-no-brasil.ghtml Manual do Usuário | e-Chip"
"manual-de-topografias-de-circuitos-integrados.md";"Topografias de Circuitos Integrados";"2 COMO FAZER O REGISTRO E RECEBER O CERTIFICADO COM SEGURANÇA";"2.1 CONHECENDO A LEGISLAÇÃO";"2.1 CONHECENDO A LEGISLAÇÃO";"A proteção à propriedade intelectual das topografias de circuitos integrados foi então estabelecida no Brasil pela Lei nº 11.484 6 , de 31 de maio de 2007. Essa lei dispõe sobre os incentivos às indústrias de equipamentos para TV Digital e de componentes eletrônicos semicondutores, estabelecendo os critérios e requisitos para proteção à propriedade intelectual das topografias de circuitos integrados em seu Capítulo III.";"A proteção à propriedade intelectual das topografias de circuitos integrados foi então estabelecida no Brasil pela Lei nº 11.484 6 , de 31 de maio de 2007. Essa lei dispõe sobre os incentivos às indústrias de equipamentos para TV Digital e de componentes eletrônicos semicondutores, estabelecendo os critérios e requisitos para proteção à propriedade intelectual das topografias de circuitos integrados em seu Capítulo III. Neste capítulo, podemos verificar a aplicação das condições estabelecidas pelo TRIPS 7 , em sua Seção 6, artigos de 35 a 38, para a proteção dessas topografias. Tais condições foram, na verdade, majoritariamente incorporadas do Tratado IPIC 8 (também conhecido como Tratado de Washington), de 1989, o qual não chegou a entrar em vigor. É importante frisar que tal proteção depende do registro 9 , o qual é de responsabilidade do Instituto Nacional da Propriedade Industrial (INPI) 10 . A forma de proteção conferida pela Lei nº 11.484/2007 é também conhecida como sui generis, assim denominada em função do seu caráter peculiar e diferenciado quando comparada às demais formas de proteção da propriedade intelectual, como direito autoral 11 , a exemplo de programas de computador, e propriedade industrial 12 , como patentes e desenhos industriais. Nota-se, no texto da lei 13 , que alguns dos conceitos utilizados nessas áreas, como os de unidade, novidade (“original”) e atividade inventiva (“comum ou vulgar”) em patentes, são somados a definições e conceitos específicos de topografias de circuitos integrados, resultando na lei própria para esse objeto. Vale frisar que a matéria de proteção reivindicada por essa lei não diz respeito ao circuito integrado em si, mas sim às imagens da sua topografia, haja vista que se garante a proteção à topografia independentemente d..."
"manual-de-topografias-de-circuitos-integrados.md";"Topografias de Circuitos Integrados";"10 Guia básico de Topografia de Circuito Integrado no portal do INPI: http://www.inpi.gov.br/menu";"";"10 Guia básico de Topografia de Circuito Integrado no portal do INPI: http://www.inpi.gov.br/menu";"servicos/topografia/guia-basico-de-topografia 11 Lei nº 9.610/1998 (Lei de Direito Autoral): http://www.planalto.gov.br/ccivil_03/leis/L9610.htm 12 Lei nº 9.279/1996 (Lei da Propriedade Industrial – LPI): http://www.planalto.gov.br/ccivil_03/leis/L9279.htm 13 Lei nº 11.484/2007, art. 29. 14 Lei nº 11.484/2007, art. 29, § 3º. 15 Guia básico de Patente no portal do INPI: http://www.inpi.gov.br/menu-servicos/patente/guia-basico-de-patente 16 Lei nº 9.609/1998 (Lei de Software): http://www.planalto.gov.br/ccivil_03/leis/l9609.htm Manual do Usuário | e-Chip Tabela 1 - Tabela comparativa de patente (patente de invenção...";"servicos/topografia/guia-basico-de-topografia 11 Lei nº 9.610/1998 (Lei de Direito Autoral): http://www.planalto.gov.br/ccivil_03/leis/L9610.htm 12 Lei nº 9.279/1996 (Lei da Propriedade Industrial – LPI): http://www.planalto.gov.br/ccivil_03/leis/L9279.htm 13 Lei nº 11.484/2007, art. 29. 14 Lei nº 11.484/2007, art. 29, § 3º. 15 Guia básico de Patente no portal do INPI: http://www.inpi.gov.br/menu-servicos/patente/guia-basico-de-patente 16 Lei nº 9.609/1998 (Lei de Software): http://www.planalto.gov.br/ccivil_03/leis/l9609.htm Manual do Usuário | e-Chip Tabela 1 - Tabela comparativa de patente (patente de invenção – PI), programa de computador (PC) e topografia de circuito integrado (TCI) A partir desse quadro percebemos que cada ativo de propriedade intelectual possui suas vantagens e desvantagens. A patente (de invenção, neste caso) constitui uma proteção mais forte, por 20 anos, abrangendo as características técnicas da invenção. Obviamente, isso acaba exigindo, por parte do requerente, uma documentação mais elaborada, contendo relatório descritivo claro e preciso, quadro reivindicatório bem definido, além de outras características técnicas e formais, e, por essa razão, demanda não só um exame formal como também um exame técnico aprofundado do pedido, o que pode tornar a decisão desse pedido mais demorada. O registro de programa de computador, por sua vez, embora não seja obrigatório para a proteção (como todo direito autoral, o direito passa a existir a partir da criação da obra), serve como uma prova de autoria, por exemplo, em casos de ações judiciais sobre o software. Apesar de a proteção não ser, digamos, tão forte quanto a patente, por ter efeitos somente sobre a expressão literal do código-fonte objeto da criação, ela possui características positivas bastante r..."
"manual-de-topografias-de-circuitos-integrados.md";"Topografias de Circuitos Integrados";"10 Guia básico de Topografia de Circuito Integrado no portal do INPI: http://www.inpi.gov.br/menu";"";"2.1.1 QUEM PODE SOLICITAR O REGISTRO";"Com relação a esse assunto, a Lei nº 11.484/2007 é bem clara ao definir a quem serão assegurados os direitos sobre as topografias 20 . São eles: pessoas físicas, ou jurídicas de direito público ou privado: I - nacionais; II - estrangeiras domiciliadas no Brasil; III - domiciliadas em país que, em reciprocidade, conceda aos brasileiros ou a pessoas domiciliadas no Brasil, direitos iguais ou equivalentes; e IV - requerentes de registro proveniente do exterior e depositado no Brasil, que tenham proteção às topografias de circuitos integrados assegurada por tratado em vigor no País.";"Com relação a esse assunto, a Lei nº 11.484/2007 é bem clara ao definir a quem serão assegurados os direitos sobre as topografias 20 . São eles: pessoas físicas, ou jurídicas de direito público ou privado: I - nacionais; II - estrangeiras domiciliadas no Brasil; III - domiciliadas em país que, em reciprocidade, conceda aos brasileiros ou a pessoas domiciliadas no Brasil, direitos iguais ou equivalentes; e IV - requerentes de registro proveniente do exterior e depositado no Brasil, que tenham proteção às topografias de circuitos integrados assegurada por tratado em vigor no País. Além disso, ela esclarece 21 também questões importantes quanto à titularidade dos direitos em casos de requerentes que não sejam os criadores da topografia, bem como casos de múltiplos criadores, de topografia desenvolvida mediante contrato de trabalho, dentre outros. Vale, portanto, uma consulta a esses trechos da lei antes de realizar o depósito do pedido de registro no INPI. 19 Não há formulário de pedido em papel. 20 Lei nº 11.484/2007, arts. 24 e 25. 21 Lei nº 11.484/2007, arts. 27 e 28. Manual do Usuário | e-Chip IMPORTANTE (1) O depositante domiciliado no exterior deverá constituir e manter procurador, devidamente qualificado e domiciliado no Brasil, com poderes para representá-lo administrativa e judicialmente, inclusive para receber citações 22 ."
"manual-de-topografias-de-circuitos-integrados.md";"Topografias de Circuitos Integrados";"10 Guia básico de Topografia de Circuito Integrado no portal do INPI: http://www.inpi.gov.br/menu";"";"2.1.2 OS DIREITOS CONFERIDOS PELA PROTEÇÃO";"Este aspecto é igualmente bem definido pela lei: o titular da topografia de circuito integrado será detentor dos direitos exclusivos de explorá-la, podendo vedar a terceiros a sua reprodução, importação, venda ou distribuição, inclusive de um circuito integrado que a incorpore, ou de um produto que incorpore este circuito integrado 23 . Vale lembrar que esses direitos serão concedidos ao titular pelo prazo de 10 (dez) anos contados da data do depósito do pedido de registro ou da primeira exploração da topografia, o que tiver ocorrido primeiro 24 .";"Este aspecto é igualmente bem definido pela lei: o titular da topografia de circuito integrado será detentor dos direitos exclusivos de explorá-la, podendo vedar a terceiros a sua reprodução, importação, venda ou distribuição, inclusive de um circuito integrado que a incorpore, ou de um produto que incorpore este circuito integrado 23 . Vale lembrar que esses direitos serão concedidos ao titular pelo prazo de 10 (dez) anos contados da data do depósito do pedido de registro ou da primeira exploração da topografia, o que tiver ocorrido primeiro 24 . Adicionalmente, a lei também define situações em que a referida proteção não se aplica, como, por exemplo, ações de análise, avaliação, ensino e pesquisa da topografia protegida, feita por terceiros não autorizados, dentre outras 25 ."
"manual-de-topografias-de-circuitos-integrados.md";"Topografias de Circuitos Integrados";"10 Guia básico de Topografia de Circuito Integrado no portal do INPI: http://www.inpi.gov.br/menu";"";"2.1.3 CONCEITO DE TOPOGRAFIA DE CIRCUITO INTEGRADO VS. LAYOUT DE PLACA DE";"CIRCUITO IMPRESSO A Lei de Topografia também apresenta as definições cabíveis tanto para circuito integrado quanto para topografia 26 . Sobre essas definições, e para que não haja margem para dúvidas, é importante esclarecer as diferenças fundamentais entre dois tipos de objeto: o circuito integrado e o circuito impresso.";"CIRCUITO IMPRESSO A Lei de Topografia também apresenta as definições cabíveis tanto para circuito integrado quanto para topografia 26 . Sobre essas definições, e para que não haja margem para dúvidas, é importante esclarecer as diferenças fundamentais entre dois tipos de objeto: o circuito integrado e o circuito impresso. Vale comentar que essa questão também foi abordada pelo CIPO 27 , o escritório canadense de propriedade intelectual, em seu portal na internet, na seção destinada a topografias de circuitos integrados. Lá, eles advertem que as pessoas frequentemente confundem placas de circuito impresso com circuitos integrados (chip ou microchip), e aproveita para definir que uma placa de circuito impresso compreende diversos elementos, sendo que algum ou alguns deles podem ser circuitos integrados. Essa definição fica mais clara no exemplo da Fig. 1. 22 Lei nº 11.484/2007, art. 56. 23 Lei nº 11.484/2007, arts. 36 e 37. 24 Lei nº 11.484/2007, art. 35. 25 Lei nº 11.484/2007, art. 37. 26 Lei nº 11.484/2007, art. 26. 27 Canadian Intellectual Property Office – CIPO: http://www.ic.gc.ca/eic/site/cipointernet- internetopic.nsf/eng/wr00822.html#no6 Manual do Usuário | e-Chip Sabe-se que as diferenças entre ambas as tecnologias são grandes: o circuito impresso é, em geral, muito mais simples, tanto do ponto de vista de projeto quanto do de fabricação, podendo, inclusive, ser fabricadas por pessoas físicas, até mesmo em ambientes domésticos, sem grandes recursos. Circuitos integrados, ao contrário, demandam enorme especialização por parte de seus projetistas, e seu processo de fabricação é formado por dezenas de etapas, cuja realização depende do emprego de equipamentos de alta tecnologia e portanto de custos elevados. Assim sendo, e conforme discussão já apresentada 29 , ente..."
"manual-de-topografias-de-circuitos-integrados.md";"Topografias de Circuitos Integrados";"10 Guia básico de Topografia de Circuito Integrado no portal do INPI: http://www.inpi.gov.br/menu";"2.2 CONDIÇÕES PARA USO E PREENCHIMENTO DO FORMULÁRIO ELETRÔNICO E-CHIP";"2.2 CONDIÇÕES PARA USO E PREENCHIMENTO DO FORMULÁRIO ELETRÔNICO E-CHIP";"Como condição para acesso ao formulário eletrônico e-Chip é necessário acessar o portal www.inpi.gov.br, realizar um cadastro para habilitação no e-INPI, nos termos da Resolução nº 25/2013 32 . Neste serão gerados login e senha, que serão utilizados para a emissão da Guia de 28 Imagem cortesia de cp2studio em FreeDigitalPhotos.net. 29 Recomendamos, aos interessados em maiores detalhes nessa discussão, a leitura do artigo “A Proteção à Propriedade Intelectual das Topografias de Circuitos Integrados do Brasil”: 0da%20ABPI&id=156 30 Instrução Normativa nº 109/2019, art. 2º. 31 Guia básico de Desenho Industrial no po...";"Como condição para acesso ao formulário eletrônico e-Chip é necessário acessar o portal www.inpi.gov.br, realizar um cadastro para habilitação no e-INPI, nos termos da Resolução nº 25/2013 32 . Neste serão gerados login e senha, que serão utilizados para a emissão da Guia de 28 Imagem cortesia de cp2studio em FreeDigitalPhotos.net. 29 Recomendamos, aos interessados em maiores detalhes nessa discussão, a leitura do artigo “A Proteção à Propriedade Intelectual das Topografias de Circuitos Integrados do Brasil”: 0da%20ABPI&id=156 30 Instrução Normativa nº 109/2019, art. 2º. 31 Guia básico de Desenho Industrial no portal do INPI: http://www.inpi.gov.br/menu-servicos/desenho/guia-basico-de- desenho-industrial 32 Resolução INPI nº 25/2013: http://www.inpi.gov.br/legislacao-1/resolucao_25-2013_0.pdf Manual do Usuário | e-Chip Recolhimento da União – GRU – além de demais solicitações de serviços a serem executados pelo INPI (ver seções 3.1 a 3.3). Recomenda-se que, ao acessar o sistema de GRU, sejam conferidas as informações de cadastro como nome, endereço, entre outras armazenadas neste sistema, e que serão posteriormente utilizadas. Caso seja identificada alguma impropriedade é prudente e importante que seja feita uma atualização no seu cadastro antes de finalizar a GRU, acessando o link clique aqui, em “Alteração de cadastro e emissão de recibo”, disponível no portal do INPI. Todos os serviços relativos ao registro de topografia de circuito integrado (ver Anexo I) deverão ser solicitados, pelo candidato a titular do registro ou seu procurador, ao INPI e só podem ser feitos única e exclusivamente mediante preenchimento do formulário eletrônico e-Chip, conforme art. 3º da IN nº 109/2019. Entende-se por candidato a titular do registro aquele que, observado o disposto na seção"
"manual-de-topografias-de-circuitos-integrados.md";"Topografias de Circuitos Integrados";"10 Guia básico de Topografia de Circuito Integrado no portal do INPI: http://www.inpi.gov.br/menu";"2.2 CONDIÇÕES PARA USO E PREENCHIMENTO DO FORMULÁRIO ELETRÔNICO E-CHIP";"2.1.1 deste manual, possui os direitos sobre a topografia de circuito integrado e vai instruir o pedido de";"registro no INPI, podendo ser nomeado um procurador para representá-lo. Para fins deste manual, convencionaremos denominar por “titular do direito” o candidato a titular do registro de topografia de circuito integrado, isto é, o solicitante do registro, independente da nomeação de um procurador.";"registro no INPI, podendo ser nomeado um procurador para representá-lo. Para fins deste manual, convencionaremos denominar por “titular do direito” o candidato a titular do registro de topografia de circuito integrado, isto é, o solicitante do registro, independente da nomeação de um procurador."
"manual-de-topografias-de-circuitos-integrados.md";"Topografias de Circuitos Integrados";"10 Guia básico de Topografia de Circuito Integrado no portal do INPI: http://www.inpi.gov.br/menu";"2.2 CONDIÇÕES PARA USO E PREENCHIMENTO DO FORMULÁRIO ELETRÔNICO E-CHIP";"2.2.1 PEDIDO SOLICITADO PELO TITULAR DO DIREITO";"No caso do titular do direito ser uma pessoa jurídica, tanto a emissão da GRU (ver seção 3.3) quanto a assinatura digital no documento DV, deve ser feita pela mesma pessoa jurídica, nunca por uma pessoa física. No caso do titular do direito ser uma pessoa física, tanto a emissão da GRU (ver seção 3.3) quanto a assinatura digital no documento DV, deve ser feita pela mesma pessoa física, nunca por uma pessoa jurídica.";"No caso do titular do direito ser uma pessoa jurídica, tanto a emissão da GRU (ver seção 3.3) quanto a assinatura digital no documento DV, deve ser feita pela mesma pessoa jurídica, nunca por uma pessoa física. No caso do titular do direito ser uma pessoa física, tanto a emissão da GRU (ver seção 3.3) quanto a assinatura digital no documento DV, deve ser feita pela mesma pessoa física, nunca por uma pessoa jurídica. Ressaltamos que o sistema verificará a validade da assinatura digital do titular do direito no documento DV (ver seção 2.4.3). IMPORTANTE (2) O documento DV, disponível no módulo da GRU ou no formulário eletrônico, assinado digitalmente pelo INPI, jamais deve ser impresso, ou gerado novo documento PDF como cópia do original. Assim, o sistema não aceitará o documento. O correto é você fazer o download do documento original, assiná-lo digitalmente e anexar este ao formulário eletrônico. Este mesmo alerta deve ser observado para o caso de pedidos solicitados por procurador, ou seja, o documento Procuração Específica jamais deve ser impresso ou gerado novo documento PDF para sua posterior assinatura digital, o correto é fazer o download da Procuração Específica e assinar digitalmente. Manual do Usuário | e-Chip"
"manual-de-topografias-de-circuitos-integrados.md";"Topografias de Circuitos Integrados";"10 Guia básico de Topografia de Circuito Integrado no portal do INPI: http://www.inpi.gov.br/menu";"2.2 CONDIÇÕES PARA USO E PREENCHIMENTO DO FORMULÁRIO ELETRÔNICO E-CHIP";"2.2.2 PEDIDO SOLICITADO PELO PROCURADOR";"Se houver um procurador, o titular do direito atuará como outorgante e é ele quem assinará digitalmente a procuração eletrônica; o procurador, ou seja, o outorgado, assinará digitalmente o documento eletrônico Declaração de Veracidade – DV. Neste caso, compete ao procurador a emissão da GRU (ver seção 3.3) utilizando o seu login pessoal e senha, definindo no ato da instrução da GRU a identificação do seu cliente.";"Se houver um procurador, o titular do direito atuará como outorgante e é ele quem assinará digitalmente a procuração eletrônica; o procurador, ou seja, o outorgado, assinará digitalmente o documento eletrônico Declaração de Veracidade – DV. Neste caso, compete ao procurador a emissão da GRU (ver seção 3.3) utilizando o seu login pessoal e senha, definindo no ato da instrução da GRU a identificação do seu cliente. É importante atentar para estes detalhes, pois o sistema verificará, neste caso, a validade da assinatura digital do titular do direito (outorgante) que assinou a procuração, bem como da assinatura digital do procurador (outorgado) que assinará o documento DV com seu e-CPF. IMPORTANTE (3) Para assinar o documento Declaração de Veracidade – DV, o procurador deverá utilizar seu Certificado Digital de Pessoa Física (e-CPF). Caso a assinatura seja feita a partir de um Certificado Digital de Pessoa Jurídica (e-CNPJ), por exemplo, de um escritório de Propriedade Intelectual, este documento DV será recusado pelo formulário eletrônico e-Chip e o pedido de registro não será protocolado. Lembre-se: o CPF vinculado ao certificado digital usado para assinar digitalmente o documento DV deverá ser sempre igual ao CPF discriminado neste documento (ver seção 2.4.3), o qual, por sua vez, é o mesmo CPF do procurador que está logado no sistema."
"manual-de-topografias-de-circuitos-integrados.md";"Topografias de Circuitos Integrados";"10 Guia básico de Topografia de Circuito Integrado no portal do INPI: http://www.inpi.gov.br/menu";"2.2 CONDIÇÕES PARA USO E PREENCHIMENTO DO FORMULÁRIO ELETRÔNICO E-CHIP";"2.2.3 INSTRUÇÃO DO FORMULÁRIO";"O sistema irá utilizar as informações previamente cadastradas tanto do titular quanto do procurador na geração da GRU e estas informações serão transferidas automaticamente para o formulário eletrônico. Nenhuma documentação em papel deverá ser encaminhada ao INPI, salvo as apresentadas pelo poder judiciário, quando for o caso.";"O sistema irá utilizar as informações previamente cadastradas tanto do titular quanto do procurador na geração da GRU e estas informações serão transferidas automaticamente para o formulário eletrônico. Nenhuma documentação em papel deverá ser encaminhada ao INPI, salvo as apresentadas pelo poder judiciário, quando for o caso. Para solicitar o pedido através do formulário eletrônico e-Chip é necessário inserir o “Nosso Número” (informado na GRU) no campo próprio do e-Chip. Desta forma, exceto nos casos de serviços isentos de retribuição, o usuário deve sempre fazer o pagamento da GRU antes de enviar o pedido (ver seção 3.7). Caso o pagamento venha a ser feito após o envio do pedido, o depositante não terá direito à retribuição do valor pago. É bom lembrar que, em hipótese alguma, deverá ser feito agendamento do pagamento, sob pena de o processo ser considerado como “petição não conhecida” e o interessado não ter direito à restituição do valor pago. Para o registro de topografia de circuito integrado faz-se necessário que o titular ou seu procurador, obrigatoriamente, anexe ao formulário eletrônico e-Chip o documento DV e Procuração eletrônicas que estarão disponíveis no e-Chip e no módulo da GRU. Estes deverão ser assinados digitalmente (ver seções 2.3.5 e 2.3.6 e seção 3.4). O formulário eletrônico e-Chip poderá ser enviado a qualquer momento, sendo a data/hora do seu recebimento aquelas indicadas pelo provedor do INPI, que consta no protocolo gerado. Manual do Usuário | e-Chip"
"manual-de-topografias-de-circuitos-integrados.md";"Topografias de Circuitos Integrados";"10 Guia básico de Topografia de Circuito Integrado no portal do INPI: http://www.inpi.gov.br/menu";"2.3 INFORMAÇÕES QUE DEVEM CONSTAR DO FORMULÁRIO ELETRÔNICO E-CHIP";"2.3 INFORMAÇÕES QUE DEVEM CONSTAR DO FORMULÁRIO ELETRÔNICO E-CHIP";"Na ocasião do preenchimento do formulário eletrônico de depósito, serão solicitadas algumas informações importantes ao depositante. São elas: 1.";"Na ocasião do preenchimento do formulário eletrônico de depósito, serão solicitadas algumas informações importantes ao depositante. São elas: 1. Dados do(s) depositante(s) (titular do direito): nome, endereço, telefone, e-mail, nacionalidade e CPF, ou CNPJ, de quem deterá os direitos sobre a topografia; 2. Dados do(s) criador(es): nome, endereço, telefone, e-mail, qualificação e CPF; 3. Data de início da exploração anterior, quando for o caso (ver seção 2.3.1); 4. Título; 5. Documento de descrição da topografia (ver seção 2.3.2); 6. Desenhos da topografia (ver seção 2.3.3); 7. Informações a respeito de incorporação autorizada, quando for o caso (ver seção 2.3.4); 8. Documento Declaração de Veracidade – DV (ver seção 2.3.5); 9. Dados do procurador, quando for o caso: nome, endereço e CPF; 10. Documento Procuração Eletrônica, quando for o caso (ver seção 2.3.6); 11. Documento Substabelecimento, quando for o caso (ver seção 2.3.7); e 12. Solicitação de sigilo, quando for o caso (ver seção 2.3.8). Vale salientar que o pedido de registro deverá referir-se a uma única topografia. Pedidos que se refiram, por exemplo, a topografias de circuitos integrados distintos, devem ter seus pedidos depositados separadamente. IMPORTANTE (4) Todas as informações preenchidas e todos os documentos anexados ao formulário eletrônico e-Chip deverão estar em língua portuguesa 33 . A seguir detalharemos algumas dessas informações."
"manual-de-topografias-de-circuitos-integrados.md";"Topografias de Circuitos Integrados";"10 Guia básico de Topografia de Circuito Integrado no portal do INPI: http://www.inpi.gov.br/menu";"2.3 INFORMAÇÕES QUE DEVEM CONSTAR DO FORMULÁRIO ELETRÔNICO E-CHIP";"2.3.1 DECLARAÇÃO DE EXPLORAÇÃO ANTERIOR";"Caso a topografia já tenha sido explorada comercialmente, no Brasil ou no estrangeiro, o requerente deverá assinalar a checkbox correspondente no formulário eletrônico, e informar a data de início dessa exploração no campo de data que irá aparecer na tela do formulário. 33 Lei nº 11.484/2007, art. 31, parágrafo único. Manual do Usuário | e-Chip IMPORTANTE (5) A data de início da exploração anterior informada não poderá ser anterior a 2 (dois) anos da data do depósito 34 .";"Caso a topografia já tenha sido explorada comercialmente, no Brasil ou no estrangeiro, o requerente deverá assinalar a checkbox correspondente no formulário eletrônico, e informar a data de início dessa exploração no campo de data que irá aparecer na tela do formulário. 33 Lei nº 11.484/2007, art. 31, parágrafo único. Manual do Usuário | e-Chip IMPORTANTE (5) A data de início da exploração anterior informada não poderá ser anterior a 2 (dois) anos da data do depósito 34 . Caso isto aconteça, o sistema e-Chip impedirá o prosseguimento do preenchimento do formulário. É importante ressaltar que, informada uma data de início de exploração, o registro passará a vigorar a partir desta data, e não da data do depósito 35 ."
"manual-de-topografias-de-circuitos-integrados.md";"Topografias de Circuitos Integrados";"10 Guia básico de Topografia de Circuito Integrado no portal do INPI: http://www.inpi.gov.br/menu";"2.3 INFORMAÇÕES QUE DEVEM CONSTAR DO FORMULÁRIO ELETRÔNICO E-CHIP";"2.3.2 DOCUMENTO DE DESCRIÇÃO DA TOPOGRAFIA";"Será também necessário anexar ao formulário eletrônico e-Chip um documento que contenha a descrição da topografia e de sua correspondente função. Esse documento deverá ser anexado no formato PDF.";"Será também necessário anexar ao formulário eletrônico e-Chip um documento que contenha a descrição da topografia e de sua correspondente função. Esse documento deverá ser anexado no formato PDF. As informações contidas neste documento são de responsabilidade do criador da topografia, e visam a constituir um documento adicional para informar as principais características, componentes, aplicações, dentre outras informações relevantes, da topografia."
"manual-de-topografias-de-circuitos-integrados.md";"Topografias de Circuitos Integrados";"10 Guia básico de Topografia de Circuito Integrado no portal do INPI: http://www.inpi.gov.br/menu";"2.3 INFORMAÇÕES QUE DEVEM CONSTAR DO FORMULÁRIO ELETRÔNICO E-CHIP";"2.3.3 DESENHOS DA TOPOGRAFIA";"Conforme já foi mencionado, o objeto da proteção, sobre o qual o interessado, mediante registro, será titular dos direitos, são as imagens da topografia, as quais representam as camadas do circuito integrado. No formulário eletrônico e-Chip, essas imagens serão exigidas no formato dos desenhos elaborados em programas típicos de CAD (Computer-Aided Design) de circuitos integrados.";"Conforme já foi mencionado, o objeto da proteção, sobre o qual o interessado, mediante registro, será titular dos direitos, são as imagens da topografia, as quais representam as camadas do circuito integrado. No formulário eletrônico e-Chip, essas imagens serão exigidas no formato dos desenhos elaborados em programas típicos de CAD (Computer-Aided Design) de circuitos integrados. Os formatos instituídos pela Instrução Normativa nº 109/2019 são o GDS/GDS-II (extensão .gds) ou OASIS (extensão .oas), sendo que estes arquivos deverão ser anexados ao formulário no ato do seu preenchimento. Não serão aceitos outros formatos de arquivo."
"manual-de-topografias-de-circuitos-integrados.md";"Topografias de Circuitos Integrados";"10 Guia básico de Topografia de Circuito Integrado no portal do INPI: http://www.inpi.gov.br/menu";"2.3 INFORMAÇÕES QUE DEVEM CONSTAR DO FORMULÁRIO ELETRÔNICO E-CHIP";"2.3.4 INCORPORAÇÃO AUTORIZADA";"Caso a topografia de circuito integrado objeto do pedido de registro incorpore, com a devida autorização, topografias protegidas de terceiros 36 , o campo “Incorporação autorizada” deverá ser preenchido com as informações necessárias atinentes à(s) topografia(s) incorporadas. O campo é de livre preenchimento.";"Caso a topografia de circuito integrado objeto do pedido de registro incorpore, com a devida autorização, topografias protegidas de terceiros 36 , o campo “Incorporação autorizada” deverá ser preenchido com as informações necessárias atinentes à(s) topografia(s) incorporadas. O campo é de livre preenchimento. Recomenda-se, nestes casos, que seja feita menção ao registro da topografia de circuito integrado original, que teve sua topografia incorporada, indicando o número do pedido de registro, data de depósito, titular(es) e título, ficando o documento contendo a citada autorização sob a responsabilidade e guarda do titular do direito para sua segurança jurídica. 34 Lei nº 11.484/2007, art. 33, parágrafo único. 35 Lei nº 11.484/2007, art. 35. 36 Lei nº 11.484/2007, art. 29, § 1º. Manual do Usuário | e-Chip"
"manual-de-topografias-de-circuitos-integrados.md";"Topografias de Circuitos Integrados";"10 Guia básico de Topografia de Circuito Integrado no portal do INPI: http://www.inpi.gov.br/menu";"2.3 INFORMAÇÕES QUE DEVEM CONSTAR DO FORMULÁRIO ELETRÔNICO E-CHIP";"2.3.5 DOCUMENTO DECLARAÇÃO DE VERACIDADE – DV";"Outro documento de vital importância para a correta instrução do formulário eletrônico é o documento Declaração de Veracidade – DV. O solicitante do registro, seja ele o próprio interessado (titular do direito) ou seu procurador, deverá assinar digitalmente (certificado digital ICP- Brasil) o documento DV eletrônico, disponível para download no sistema GRU ou no formulário eletrônico e-Chip e será disponibilizado na íntegra com as informações do solicitante.";"Outro documento de vital importância para a correta instrução do formulário eletrônico é o documento Declaração de Veracidade – DV. O solicitante do registro, seja ele o próprio interessado (titular do direito) ou seu procurador, deverá assinar digitalmente (certificado digital ICP- Brasil) o documento DV eletrônico, disponível para download no sistema GRU ou no formulário eletrônico e-Chip e será disponibilizado na íntegra com as informações do solicitante. Após a assinatura digital (ver seção 2.4.2), este documento será obrigatoriamente anexado (upload) ao formulário eletrônico e-Chip. O DV é específico para o serviço solicitado e este está relacionado ao “Nosso Número” da GRU emitida, ou seja, para cada solicitação de serviço de topografia de circuito integrado haverá um DV único. O DV pode ser obtido através do link “clique aqui”, abaixo do botão “Adicionar Declaração de Veracidade” existente no formulário eletrônico, ou no botão “Declaração de Veracidade” disponível no sistema GRU, e deve ser assinado por uma pessoa física ou jurídica, conforme o caso. IMPORTANTE (6) O documento DV, disponível no módulo da GRU ou no formulário eletrônico, assinado digitalmente pelo INPI, jamais deve ser impresso, ou gerado novo documento PDF como cópia do original. Assim, o sistema não aceitará o documento. O correto é você fazer o download do documento original, assiná-lo digitalmente e anexá-lo ao formulário eletrônico."
"manual-de-topografias-de-circuitos-integrados.md";"Topografias de Circuitos Integrados";"10 Guia básico de Topografia de Circuito Integrado no portal do INPI: http://www.inpi.gov.br/menu";"2.3 INFORMAÇÕES QUE DEVEM CONSTAR DO FORMULÁRIO ELETRÔNICO E-CHIP";"2.3.6 DOCUMENTO PROCURAÇÃO ELETRÔNICA";"Caso o titular do direito esteja nomeando um procurador para representá-lo no processo, ele deve apresentar também o documento de procuração no ato do preenchimento do formulário eletrônico e-Chip. A procuração eletrônica é um instrumento particular na qual o outorgante (titular do direito) concede poderes para o outorgado (procurador) utilizar o sistema online de formulário eletrônico e-Chip no INPI.";"Caso o titular do direito esteja nomeando um procurador para representá-lo no processo, ele deve apresentar também o documento de procuração no ato do preenchimento do formulário eletrônico e-Chip. A procuração eletrônica é um instrumento particular na qual o outorgante (titular do direito) concede poderes para o outorgado (procurador) utilizar o sistema online de formulário eletrônico e-Chip no INPI. O outorgante (titular do direito) deverá assinar digitalmente (ICP-Brasil) a procuração eletrônica com seu e-CPF, se pessoa física, ou com seu e-CNPJ, se pessoa jurídica. Após esta assinatura, o outorgado (procurador) deverá obrigatoriamente assinar o documento DV com seu e-CPF e apresentar ambos, Procuração e DV, no ato do preenchimento do formulário eletrônico e-Chip, através de upload do documento (ver seção 2.4.2). IMPORTANTE (7) Nos casos de pedidos solicitados por procurador, o documento Procuração Específica jamais deve ser impresso ou gerado novo documento PDF para sua posterior assinatura digital, o correto é fazer o download da Procuração Específica e assinar digitalmente. Manual do Usuário | e-Chip 2.3.6.1 PROCURAÇÃO DE AMPLOS PODERES O documento Procuração com amplos poderes, elaborado pelo próprio, deverá ser anexado ao formulário eletrônico e-Chip pelo outorgado, assinado digitalmente pelo outorgante. Os poderes administrativos definidos nesta procuração deverão ser assinalados pelo procurador no formulário eletrônico e-Chip. O outorgado, ao apresentar pela primeira vez a procuração de amplos poderes 37 através do formulário eletrônico e-Chip, deverá assinalar os poderes administrativos da procuração apresentada, o que permitirá a solicitação de futuros serviços de registro de topografia de circuito integrado no INPI:  Pedido de registro de topografia de cir..."
"manual-de-topografias-de-circuitos-integrados.md";"Topografias de Circuitos Integrados";"10 Guia básico de Topografia de Circuito Integrado no portal do INPI: http://www.inpi.gov.br/menu";"2.3 INFORMAÇÕES QUE DEVEM CONSTAR DO FORMULÁRIO ELETRÔNICO E-CHIP";"2.3.7 DOCUMENTO PROCURAÇÃO ELETRÔNICA COM SUBSTABELECIMENTO";"C";"Caso a Procuração com amplos poderes possua substabelecimento, o substabelecido deverá também anexar ao formulário eletrônico e-Chip, além do documento Procuração assinada digitalmente, mencionada na seção 2.3.6, a Procuração contendo o referido substabelecimento."
"manual-de-topografias-de-circuitos-integrados.md";"Topografias de Circuitos Integrados";"10 Guia básico de Topografia de Circuito Integrado no portal do INPI: http://www.inpi.gov.br/menu";"2.3 INFORMAÇÕES QUE DEVEM CONSTAR DO FORMULÁRIO ELETRÔNICO E-CHIP";"2.3.8 SOLICITAÇÃO DE SIGILO";"A critério do titular do direito, poderá ser solicitado, no ato do preenchimento do formulário eletrônico e-Chip, que o pedido de registro permaneça em sigilo pelo prazo de 6 (seis) meses 38 , contados da data do depósito, vindo a ser examinado somente após este período. Além disso, até 1 (um) mês antes do fim do prazo de sigilo, isto é, até o último dia dos 5 (cinco) primeiros meses do depósito, o pedido poderá ser retirado pelo titular ou seu procurador, não produzindo qualquer efeito 39 .";"A critério do titular do direito, poderá ser solicitado, no ato do preenchimento do formulário eletrônico e-Chip, que o pedido de registro permaneça em sigilo pelo prazo de 6 (seis) meses 38 , contados da data do depósito, vindo a ser examinado somente após este período. Além disso, até 1 (um) mês antes do fim do prazo de sigilo, isto é, até o último dia dos 5 (cinco) primeiros meses do depósito, o pedido poderá ser retirado pelo titular ou seu procurador, não produzindo qualquer efeito 39 . Para isso, será necessária a apresentação da petição de “Retirada do pedido em sigilo”. 38 Lei nº 11.484/2007, art. 32. 39 Lei nº 11.484/2007, art. 32, parágrafo único. Manual do Usuário | e-Chip"
"manual-de-topografias-de-circuitos-integrados.md";"Topografias de Circuitos Integrados";"10 Guia básico de Topografia de Circuito Integrado no portal do INPI: http://www.inpi.gov.br/menu";"2.4 ASSINATURA DIGITAL NOS DOCUMENTOS ELETRÔNICOS DECLARAÇÃO DE";"2.4 ASSINATURA DIGITAL NOS DOCUMENTOS ELETRÔNICOS DECLARAÇÃO DE";"VERACIDADE – DV E PROCURAÇÃO É importante esclarecer que no sistema e-INPI existem dois perfis de usuários que podem acessar o sistema e demandar serviços ao INPI. Estes perfis 40 são definidos no processo inicial de cadastro do usuário:  O “próprio interessado”, titular dos direitos do registro;  O “procurador” (outorgado) devidamente constituído: advogado, pessoa física ou jurídica com o instrumento de procuração para representar um cliente (outorgante) para os serviços a serem solicitados.";"VERACIDADE – DV E PROCURAÇÃO É importante esclarecer que no sistema e-INPI existem dois perfis de usuários que podem acessar o sistema e demandar serviços ao INPI. Estes perfis 40 são definidos no processo inicial de cadastro do usuário:  O “próprio interessado”, titular dos direitos do registro;  O “procurador” (outorgado) devidamente constituído: advogado, pessoa física ou jurídica com o instrumento de procuração para representar um cliente (outorgante) para os serviços a serem solicitados. Agora, considere um documento que tem valor legal e este contenha informações importantes sobre o serviço a ser realizado. Este documento é o formulário eletrônico e-Chip, que contem todas as informações consideradas verdadeiras. Neste processo, para que sejam assegurados os direitos e deveres do titular do direito é fundamental a apresentação, no formulário eletrônico e-Chip, do documento DV e da Procuração, descritas a seguir.  Declaração de Veracidade – DV:  Caso o perfil do usuário seja o “próprio interessado”, este documento deverá ser assinado pelo titular do direito, com seu e-CPF, sendo ele pessoa física, ou seu e-CNPJ, sendo pessoa jurídica. Caso contrário, no perfil de “procurador”, o outorgado (procurador) ou o procurador substabelecido deverá assinar digitalmente este documento DV, obrigatoriamente com seu e-CPF; e  Procuração:  Este documento deverá ser sempre assinado pelo titular do direito, com seu e-CPF, sendo ele pessoa física, ou seu e-CNPJ, sendo pessoa jurídica, pois este é o outorgante da procuração. A apresentação de um ou dos dois documentos, a depender do perfil, assinados digitalmente, garante a autenticidade do formulário eletrônico e-Chip, não sendo admissível que o titular do direito ou seu procurador venha a negar os compromissos assumidos nestes..."
"manual-de-topografias-de-circuitos-integrados.md";"Topografias de Circuitos Integrados";"10 Guia básico de Topografia de Circuito Integrado no portal do INPI: http://www.inpi.gov.br/menu";"2.4 ASSINATURA DIGITAL NOS DOCUMENTOS ELETRÔNICOS DECLARAÇÃO DE";"2.4.1 DEZ RAZÕES PARA UTILIZAR A CERTIFICAÇÃO DIGITAL";"1. O sistema é automatizado e tem segurança jurídica para os envolvidos; 2.";"1. O sistema é automatizado e tem segurança jurídica para os envolvidos; 2. O não envio de documentação em meio físico para o INPI; 3. Toda documentação que envolve o registro de topografia de circuito integrado fica sob a responsabilidade e guarda do interessado para o caso de eventual demanda judicial; 4. A autoria, a autenticidade e a integridade dos documentos assinados digitalmente serão asseguradas por meio de certificação digital emitida no âmbito da Infraestrutura de Chaves Públicas Brasileira – ICP-Brasil 42 ;"
"manual-de-topografias-de-circuitos-integrados.md";"Topografias de Circuitos Integrados";"42 Lista de autoridades certificadoras, por uf/cidade: https://mapa.iti.gov.br/";"";"42 Lista de autoridades certificadoras, por uf/cidade: https://mapa.iti.gov.br/";"Manual do Usuário | e-Chip 5. O titular do direito não domiciliado no Brasil poderá utilizar certificado não emitido pela ICP- Brasil, em conformidade com o § 2º do art. 10 da Medida Provisória nº 2.200-2, de 24 de agosto de 2001: Art. 10º Consideram-se documentos públicos ou particulares, para todos os fins legais, os documentos eletrônicos de que trata esta Medida Provisória. (...) § 2º O disposto nesta Medida Provisória não obsta a utilização de outro meio de comprovação da autoria e integridade de documentos em forma eletrônica, inclusive os que utilizem certificados não emitidos pela ICP-Brasil, desde que ad...";"Manual do Usuário | e-Chip 5. O titular do direito não domiciliado no Brasil poderá utilizar certificado não emitido pela ICP- Brasil, em conformidade com o § 2º do art. 10 da Medida Provisória nº 2.200-2, de 24 de agosto de 2001: Art. 10º Consideram-se documentos públicos ou particulares, para todos os fins legais, os documentos eletrônicos de que trata esta Medida Provisória. (...) § 2º O disposto nesta Medida Provisória não obsta a utilização de outro meio de comprovação da autoria e integridade de documentos em forma eletrônica, inclusive os que utilizem certificados não emitidos pela ICP-Brasil, desde que admitido pelas partes como válido ou aceito pela pessoa a quem for oposto o documento. 6. O custo para se adquirir um certificado digital é equivalente à abertura de uma firma em Cartório, reconhecimento de firma, autenticidade de documentos, deslocamento, custos com os Correios, etc, com a diferença de que a assinatura digital 43 é válida por até cinco anos; 7. O interessado, ao apresentar o documento DV ou uma procuração, assinada digitalmente, está assegurando que as informações apresentadas no formulário eletrônico e-Chip são da sua inteira responsabilidade. 8. O sistema e-INPI, ao receber o formulário eletrônico e-Chip nos moldes aqui apresentados, procederá, de forma automática, à sua validação, realizando procedimento para concordância quanto ao pagamento da retribuição, assinatura digital do documento DV e procuração, se a mesma continua válida ou se foi revogada ou renunciada; 9. Validados esses procedimentos de forma automática, para o caso de um pedido de registro de topografia de circuito integrado, o sistema e-INPI publicará a concessão do registro na primeira RPI disponível; 10. O mesmo procedimento será feito em caso de peticionamento eletrônico de..."
"manual-de-topografias-de-circuitos-integrados.md";"Topografias de Circuitos Integrados";"42 Lista de autoridades certificadoras, por uf/cidade: https://mapa.iti.gov.br/";"";"2.4.2 COMO ASSINAR OS DOCUMENTOS PDF DECLARAÇÃO DE VERACIDADE – DV E";"PROCURAÇÃO Para assinar documentos em PDF, basta ter um certificado digital de pessoa física (e- CPF) ou de pessoa jurídica (e-CNPJ). Estes certificados podem ser adquiridos através das autoridades certificadoras (ACs) credenciadas pela ICP-Brasil.";"PROCURAÇÃO Para assinar documentos em PDF, basta ter um certificado digital de pessoa física (e- CPF) ou de pessoa jurídica (e-CNPJ). Estes certificados podem ser adquiridos através das autoridades certificadoras (ACs) credenciadas pela ICP-Brasil. A lista de ACs credenciadas encontra-se disponível no portal do Instituto Nacional de Tecnologia da Informação – ITI 44 . Todas estas disponibilizam informações, suporte e o serviço de emissão de certificado em seus sites. As informações necessárias sobre a importância e necessidade do certificado digital podem ser encontradas também no portal do ITI 45 . 43 Entendendo a certificação digital: http://www.iti.gov.br/ 44 Manual do Usuário | e-Chip A ferramenta para assinar digitalmente um documento PDF, gratuita e disponível na internet, é o “Adobe Acrobat Reader DC”. A assinatura digital através do Adobe Acrobat só é possível em ambiente Windows. Este é um software global, padrão e gratuito para visualizar, assinar, imprimir e comentar documentos PDF com segurança. Visite a página https://get.adobe.com/br/reader/ para obter a ferramenta em sua versão mais atual. Para assinar um documento DV ou Procuração utilizando o Adobe Acrobat Reader DC, as etapas diferem ligeiramente caso você esteja utilizando um certificado digital do tipo A1 ou do tipo A3. No caso do certificado A1, execute os seguintes passos básicos: 1) Acesse o item “Ferramentas”; 2) Acesse “Certificados”; 3) Acesse “Assinar Digitalmente”; 4) Uma mensagem do Acrobat irá aparecer: com o mouse, clique e arraste para desenhar a área na qual irá exibir a assinatura; 5) Clique OK; 6) Selecione a área para que as informações da assinatura sejam visualizadas; 7) Outra mensagem do Acrobat irá aparecer: clique no botão “Configurar ID digital”; 8) Selecione a opção “Usar uma I..."
"manual-de-topografias-de-circuitos-integrados.md";"Topografias de Circuitos Integrados";"42 Lista de autoridades certificadoras, por uf/cidade: https://mapa.iti.gov.br/";"";"2.4.3 VALIDAÇÃO DA ASSINATURA NO FORMULÁRIO ELETRÔNICO E-CHIP";"A Assinatura Digital é um instrumento que permite identificar e atestar a integridade de um documento eletrônico, garantindo que ele não tenha sofrido qualquer modificação após ter sido assinado digitalmente. Quando o autor encaminha um documento DV e/ou Procuração, assinados digitalmente, o e-Chip faz internamente cinco perguntas para validar o documento: 1) O certificado digital que assinou o documento ainda é válido?";"A Assinatura Digital é um instrumento que permite identificar e atestar a integridade de um documento eletrônico, garantindo que ele não tenha sofrido qualquer modificação após ter sido assinado digitalmente. Quando o autor encaminha um documento DV e/ou Procuração, assinados digitalmente, o e-Chip faz internamente cinco perguntas para validar o documento: 1) O certificado digital que assinou o documento ainda é válido? Ex.: Está expirado ou foi revogado? 2) O documento foi alterado desde que foi assinado? Isto é, sua integridade foi afetada? 3) O certificado faz o encadeamento até um certificado listado na lista de identidades confiáveis? 4) A identidade do(s) Titular(es) ou Procurador, declarados no formulário e-Chip, confere com a que consta no certificado digital do assinante? 5) O documento DV ou Procuração Específica foi assinado(a) digitalmente pelo INPI e é único? Manual do Usuário | e-Chip A resposta às duas primeiras perguntas é de que ambas são tratadas pelo e-Chip com base em uma análise das informações contidas dentro do certificado digital e do próprio documento assinado. A terceira, o sistema e-Chip faz automaticamente uma verificação do encadeamento dos certificados das Autoridades de Registro, Certificadora e Raiz, acessando endereços confiáveis na internet (ver Fig. 2). A quarta pergunta, o sistema e-Chip faz automaticamente uma verificação do CPF/CNPJ do Titular do Direito com a informação do CPF/CNPJ contida dentro do documento DV assinado (ver Fig. 3). Na falta do CPF/CNPJ, o e-Chip fará a validação pelo nome do Titular do Direito. O mesmo se dará para o documento Procuração. Neste caso, quando há um procurador constituído, o documento DV deverá ser assinado por este procurador. Assim, o e-Chip verificará a validade do CPF do procurador no documento..."
"manual-de-topografias-de-circuitos-integrados.md";"Topografias de Circuitos Integrados";"3 O REGISTRO DE TOPOGRAFIA DE CIRCUITO INTEGRADO EM SETE PASSOS";"";"3 O REGISTRO DE TOPOGRAFIA DE CIRCUITO INTEGRADO EM SETE PASSOS";"1. Acessar o portal do INPI. 2.";"1. Acessar o portal do INPI. 2. Fazer um cadastro, onde serão criados login e senha. 3. Utilizar o módulo GRU para emissão do boleto de pagamento. 4. Baixar o documento DV e assiná-lo digitalmente. 5. Pagar a GRU. 6. Acessar o formulário eletrônico e-Chip no portal do INPI, preenchê-lo e anexar o documento DV e Procuração, se for o caso, assinada digitalmente por quem de direito. Conferir as informações declaradas; 7. Enviar o formulário eletrônico e-Chip, quando então será gerado o número de pedido. Após estes sete passos, se não houver irregularidades no seu pedido, a concessão será publicada na primeira RPI disponível. Neste instante, o certificado do registro será disponibilizado para download no portal do INPI. Estes mesmos passos devem ser adotados para o caso de peticionamento eletrônico quando da solicitação de serviços que não sejam o pedido de registro propriamente dito."
"manual-de-topografias-de-circuitos-integrados.md";"Topografias de Circuitos Integrados";"3 O REGISTRO DE TOPOGRAFIA DE CIRCUITO INTEGRADO EM SETE PASSOS";"3.1 ACESSAR O PORTAL DO INPI";"3.1 ACESSAR O PORTAL DO INPI";"Manual do Usuário | e-Chip Acessar o portal do INPI no endereço www.inpi.gov.br, em seguida clicar em “Cadastro no e-INPI” que está localizado na parte superior da página principal, entre o cabeçalho e a foto de notícias. Selecionar perfil: se for o “próprio interessado”, na página que será aberta, onde consta Cliente - Pessoa física ou jurídica domiciliada no país, que não possua um procurador, clicar em “cadastre-se aqui”.";"Manual do Usuário | e-Chip Acessar o portal do INPI no endereço www.inpi.gov.br, em seguida clicar em “Cadastro no e-INPI” que está localizado na parte superior da página principal, entre o cabeçalho e a foto de notícias. Selecionar perfil: se for o “próprio interessado”, na página que será aberta, onde consta Cliente - Pessoa física ou jurídica domiciliada no país, que não possua um procurador, clicar em “cadastre-se aqui”. Se for advogado ou pessoa física com o instrumento de procuração para representar um cliente nos serviços solicitados, clique em “cadastre-se aqui”. Na nova tela, leia os termos de adesão ao sistema e-INPI e, se de acordo, clique em “aceito”."
"manual-de-topografias-de-circuitos-integrados.md";"Topografias de Circuitos Integrados";"3 O REGISTRO DE TOPOGRAFIA DE CIRCUITO INTEGRADO EM SETE PASSOS";"3.2 FAZER SEU CADASTRO";"3.2 FAZER SEU CADASTRO";"Preencha o formulário na nova página. O sistema e-INPI fornecerá ajuda no preenchimento do cadastro.";"Preencha o formulário na nova página. O sistema e-INPI fornecerá ajuda no preenchimento do cadastro. Os dados do solicitante, ou seja, da pessoa física ou jurídica que solicita o registro de topografia de circuito integrado no INPI, que devem constar no cadastro, são: Nome completo Deve ser preenchido o nome (pessoa física) ou razão social (pessoa jurídica) completos e sem abreviações. IMPORTANTE: Tanto o nome como a razão social devem ser iguais ao nome e razão social usados na assinatura digital do e-CPF e do e-CNPJ, respectivamente. Caso seja necessário atualizar seu cadastro, siga as orientações do item 3.2.1 deste manual. Endereço completo O endereço deve constar de logradouro, número, bairro, complemento, cidade, UF e CEP; caso o solicitante seja residente no exterior, o CEP deixa de ser necessário. Natureza jurídica do solicitante Informação da pessoa física ou jurídica. CPF ou CNPJ, conforme o caso O usuário deve estar atento para o preenchimento desses campos: O CPF deve ter 11 dígitos, assim como o CNPJ deve possuir 14 dígitos. É permitido apenas um cadastro por CNPJ ou CPF. Durante o preenchimento, deve ser observado se o nome ou razão social informado correspondem efetivamente ao CNPJ ou CPF a serem cadastrados, a fim de evitar a vinculação de CNPJ ao nome de uma pessoa física ou um CPF ao nome de uma pessoa jurídica. E-mail É importante que o usuário informe seu e-mail corretamente. Da mesma forma, é fundamental que o e-mail em questão seja acessado com relativa frequência pelo usuário, uma vez que o sistema e-INPI irá enviar mensagens reportando o status da solicitação do serviço. Manual do Usuário | e-Chip Os campos login e senha 46,47 representam sua identidade junto ao INPI, para emitir Guias de Recolhimento da União – GRUs em nome do interessado que co..."
"manual-de-topografias-de-circuitos-integrados.md";"Topografias de Circuitos Integrados";"3 O REGISTRO DE TOPOGRAFIA DE CIRCUITO INTEGRADO EM SETE PASSOS";"3.2 FAZER SEU CADASTRO";"3.2.1 ALTERAÇÃO DE DADOS NO CADASTRO";"As alterações de dados no cadastro podem ser feitas diretamente pelo titular do direito, no módulo GRU, disponível na primeira página do portal. Para realizar essas alterações, devem-se seguir os passos abaixo:  Acessar o portal do INPI;  À direita da tela, em “Acesso rápido”, clicar em “Recupere login e senha”; e  Seguir os procedimentos descritos na página.";"As alterações de dados no cadastro podem ser feitas diretamente pelo titular do direito, no módulo GRU, disponível na primeira página do portal. Para realizar essas alterações, devem-se seguir os passos abaixo:  Acessar o portal do INPI;  À direita da tela, em “Acesso rápido”, clicar em “Recupere login e senha”; e  Seguir os procedimentos descritos na página. Ao entrar no sistema novamente, as alterações feitas no cadastro estarão atualizadas. Qualquer alteração deve ser efetuada antes da emissão da GRU. Migrarão para o formulário eletrônico e-Chip apenas os dados que constavam à época de emissão da GRU (ver seção 3.3). As alterações no cadastro do módulo GRU não afetam os dados do titular do direito, constantes dos pedidos depositados anteriormente à modificação do cadastro. Os pedidos ou registros que tenham sido protocolados antes das alterações no sistema e- INPI e de geração da GRU só poderão ter o nome, razão social e endereço do titular do direito alterados mediante apresentação de petição específica e respectivo pagamento de retribuição. 46 A senha é de uso pessoal e intransferível, não devendo ser transmitida a terceiros. O ideal é que o titular do direito tenha uma senha e seu procurador ou representante legal tenha outra. Não é necessário que o representante legal saiba a senha do titular do direito/outorgante para emitir uma GRU. Além disso, a transmissão da sua senha pode acarretar problemas futuros, como o uso não autorizado após uma eventual destituição de procurador. 47 O usuário deve manter o seu cadastro no INPI sempre atualizado, já que é unicamente com base nas informações cadastrais que o Instituto poderá contatá-lo. Manual do Usuário | e-Chip Caso tenha ocorrido uma fusão, incorporação ou processos semelhantes, existe o serviço específico para e..."
"manual-de-topografias-de-circuitos-integrados.md";"Topografias de Circuitos Integrados";"3 O REGISTRO DE TOPOGRAFIA DE CIRCUITO INTEGRADO EM SETE PASSOS";"3.3 EMISSÃO DA GRU";"3.3 EMISSÃO DA GRU";"A emissão da GRU, que corresponde à etapa de seleção do serviço pretendido, deverá ser efetuada obrigatoriamente pelo titular do direito ou por seu procurador, utilizando o seu login e senha de uso pessoal, nunca por terceiros. Com o login e a senha cadastrados anteriormente, acessar a página inicial do portal do INPI, e no menu de “Acesso Rápido”, no lado direito da tela, clicar em “Emita a GRU”.";"A emissão da GRU, que corresponde à etapa de seleção do serviço pretendido, deverá ser efetuada obrigatoriamente pelo titular do direito ou por seu procurador, utilizando o seu login e senha de uso pessoal, nunca por terceiros. Com o login e a senha cadastrados anteriormente, acessar a página inicial do portal do INPI, e no menu de “Acesso Rápido”, no lado direito da tela, clicar em “Emita a GRU”. Na nova página, preencha com login e senha os campos correspondentes. A seguir clique em “Acessar”. Caso tenha esquecido sua senha, há uma ferramenta de auxílio logo abaixo dos campos de preenchimento. Recupere-a mediante uma das opções apresentadas. Na nova página, selecione a unidade “Registro de Topografia de Circuito Integrado”. A seguir, selecione o serviço desejado. Leia e confirme as informações apresentadas e clique em “Finalizar Serviço”. Na nova tela em “Emissão da GRU” imprima o documento GRU. No caso de serviço isento de pagamento (não há o documento de pagamento), anote o “Nosso Número” da GRU para utilizá-lo na seção 3.6."
"manual-de-topografias-de-circuitos-integrados.md";"Topografias de Circuitos Integrados";"3 O REGISTRO DE TOPOGRAFIA DE CIRCUITO INTEGRADO EM SETE PASSOS";"3.4 DECLARAÇÃO DE VERACIDADE – DV E PROCURAÇÃO";"3.4 DECLARAÇÃO DE VERACIDADE – DV E PROCURAÇÃO";"Nos módulos e-Chip ou GRU, baixe (download) o documento DV. Deve-se assiná-lo digitalmente (ver seção 2.4.2).";"Nos módulos e-Chip ou GRU, baixe (download) o documento DV. Deve-se assiná-lo digitalmente (ver seção 2.4.2). A procuração pode ser específica para um determinado serviço ou de amplos poderes para mais de um serviço (ver seção 2.3.6). A Procuração, assim como o DV, deve estar assinada digitalmente (ver seção 2.4.2). Esses documentos deverão ser anexados ao formulário eletrônico e-Chip (ver seções 3.6 e 3.7)."
"manual-de-topografias-de-circuitos-integrados.md";"Topografias de Circuitos Integrados";"3 O REGISTRO DE TOPOGRAFIA DE CIRCUITO INTEGRADO EM SETE PASSOS";"3.5 PAGANDO A GRU";"3.5 PAGANDO A GRU";"Após emitir a GRU, antes de fazer seu pedido através do portal do INPI, realize o pagamento. O pagamento da GRU na rede bancária deve ser realizado obrigatoriamente antes do envio do formulário eletrônico e-Chip, sob pena de não conhecimento do serviço solicitado.";"Após emitir a GRU, antes de fazer seu pedido através do portal do INPI, realize o pagamento. O pagamento da GRU na rede bancária deve ser realizado obrigatoriamente antes do envio do formulário eletrônico e-Chip, sob pena de não conhecimento do serviço solicitado. Para fins de validade dos atos praticados pelo usuário que dependam de pagamento de retribuição, o serviço pretendido será considerado como efetivamente pago somente após a conciliação bancária da respectiva GRU, que poderá se dar em até 10 (dez) dias. Manual do Usuário | e-Chip Não é preciso esperar sua compensação, e recomenda-se não fazer agendamento de pagamento, pois o agendamento não é aceito pelo INPI. Fazer o pagamento no banco de sua preferência. Não é preciso apresentar o comprovante de pagamento, pois o sistema fará sua conciliação automaticamente. O “Nosso Número” que compõe a GRU será usado para solicitar o serviço desejado no formulário eletrônico e-Chip, inclusive para os serviços isentos de pagamento. Pagamentos nos finais de semana ou feriados serão admitidos no processo de conciliação bancária até o primeiro dia útil subsequente ao pagamento. No caso de pagamento pelo sistema do governo federal INTRASIAFI (Pagamento de contas da UNIÃO – SIAFI), feito diretamente na conta corrente do INPI, deve-se informar no campo “NOSSO NUMERO/NUMERO REFERENCIA” deste sistema (Recolhimento Arrecadado/Ordem Bancária – RA/OB do SIAFI) o “Nosso Número” obtido no sistema de GRU do INPI, conforme ilustrado na Figura 6. Este procedimento deve ser realizado pela instituição federal para cada serviço a ser solicitado no INPI."
"manual-de-topografias-de-circuitos-integrados.md";"Topografias de Circuitos Integrados";"3 O REGISTRO DE TOPOGRAFIA DE CIRCUITO INTEGRADO EM SETE PASSOS";"3.6 FORMULÁRIO ELETRÔNICO E-CHIP";"3.6 FORMULÁRIO ELETRÔNICO E-CHIP";"Acesse a página inicial do portal do INPI, e no menu de Acesso Rápido, no lado direito da tela, clique em “e-Chip”. Com o login e a senha cadastrados anteriormente, acesse o formulário eletrônico e-Chip.";"Acesse a página inicial do portal do INPI, e no menu de Acesso Rápido, no lado direito da tela, clique em “e-Chip”. Com o login e a senha cadastrados anteriormente, acesse o formulário eletrônico e-Chip. A seguir, será pedido o “Nosso Número” da GRU paga. Insira-o no campo correspondente e avance. Preencha todos os campos do formulário eletrônico e-Chip e anexe o documento DV e a Procuração, se for o caso, assinada(s) digitalmente (ver seções 2.3.5 e 2.3.6). Manual do Usuário | e-Chip IMPORTANTE (10) Atualize a cadeia certificadora ICP-Brasil no seu navegador. Acesse o site do Instituto de Tecnologia da Informação – ITI e siga as instruções de instalação definidas para o navegador de sua preferência. Execute a atualização e depois acesse o e-Chip."
"manual-de-topografias-de-circuitos-integrados.md";"Topografias de Circuitos Integrados";"3 O REGISTRO DE TOPOGRAFIA DE CIRCUITO INTEGRADO EM SETE PASSOS";"3.7 SOLICITANDO SEU PEDIDO";"3.7 SOLICITANDO SEU PEDIDO";"Após conferir os dados e se assim desejar protocolar o pedido de registro de topografia de circuito integrado, clique em “Protocolar”. Caso não queira, a solicitação poderá ser enviada em outro momento, bastando para tanto clicar em “terminar outra vez”.";"Após conferir os dados e se assim desejar protocolar o pedido de registro de topografia de circuito integrado, clique em “Protocolar”. Caso não queira, a solicitação poderá ser enviada em outro momento, bastando para tanto clicar em “terminar outra vez”. Depois, é só entrar no e-Chip com o “Nosso Número” da mesma GRU para dar continuidade ao seu pedido. Em seguida, clique em “Avançar”, confira mais uma vez os dados do seu pedido e, se precisar fazer alguma correção, clique em “voltar”, proceda às correções e, com segurança, clique em “Protocolar”. Não se esqueça de anexar o documento DV e Procuração, quando for o caso, assinada(s) digitalmente. O e-Chip vai gerar o número do pedido e um recibo. Anote e guarde essas informações. Confirmado o pagamento, a concessão do registro será publicada na primeira RPI disponível. O certificado estará no portal do INPI."
"manual-de-topografias-de-circuitos-integrados.md";"Topografias de Circuitos Integrados";"4 COMO SOLICITAR OUTROS SERVIÇOS PELO FORMULÁRIO ELETRÔNICO E-CHIP";"4.1 ALTERAÇÃO DE NOME, RAZÃO SOCIAL OU ENDEREÇO (CÓDS. 671, 672 E 673)";"4.1 ALTERAÇÃO DE NOME, RAZÃO SOCIAL OU ENDEREÇO (CÓDS. 671, 672 E 673)";"A alteração de nome ou razão social deve estar atrelada ao mesmo CPF (pessoa física) ou CNPJ (pessoa jurídica), conforme o caso. Não se deve confundir este tipo de alteração com Transferência de Titularidade (cessão de direitos).";"A alteração de nome ou razão social deve estar atrelada ao mesmo CPF (pessoa física) ou CNPJ (pessoa jurídica), conforme o caso. Não se deve confundir este tipo de alteração com Transferência de Titularidade (cessão de direitos). Não é possível alterar o nome de pessoa física para pessoa jurídica. Igualmente, não é possível alterar a razão social de pessoa jurídica para pessoa física. Caso haja mais de um titular do direito no processo e um deles for pessoa jurídica, somente aquele que for assinar o DV pode solicitar alteração. No caso em que o titular do direito for representado por um procurador, ele deve assinar digitalmente a procuração e o procurador deve assinar digitalmente o documento DV usando seu e- CPF. Repetir os passos das seções 3.3 a 3.7. Protocolada a solicitação de alteração, o sistema e-INPI publicará a anotação de alteração na primeira RPI disponível, atualizando o certificado de registro no portal do INPI."
"manual-de-topografias-de-circuitos-integrados.md";"Topografias de Circuitos Integrados";"4 COMO SOLICITAR OUTROS SERVIÇOS PELO FORMULÁRIO ELETRÔNICO E-CHIP";"4.2 TRANSFERÊNCIA DE TITULARIDADE (CÓD. 674)";"4.2 TRANSFERÊNCIA DE TITULARIDADE (CÓD. 674)";"Manual do Usuário | e-Chip Os direitos sobre a topografia de circuito integrado poderão ser objeto de cessão total ou parcial 48 , a qual deve ser solicita mediante petição denominada “Transferência de Titularidade”. Para tanto, basta o interessado realizar o pagamento da GRU correspondente e preencher o formulário eletrônico de transferência de titularidade.";"Manual do Usuário | e-Chip Os direitos sobre a topografia de circuito integrado poderão ser objeto de cessão total ou parcial 48 , a qual deve ser solicita mediante petição denominada “Transferência de Titularidade”. Para tanto, basta o interessado realizar o pagamento da GRU correspondente e preencher o formulário eletrônico de transferência de titularidade. IMPORTANTE (11) Conforme institui a IN 109/2019, para qualquer um dos casos de transferência de titularidade não é mais necessário apresentar ao INPI os documentos hábeis da cessão dos direitos sobre a topografia de circuito integrado. Por outro lado, é de vital importância que estes documentos fiquem sob a guarda do interessado para sua segurança."
"manual-de-topografias-de-circuitos-integrados.md";"Topografias de Circuitos Integrados";"4 COMO SOLICITAR OUTROS SERVIÇOS PELO FORMULÁRIO ELETRÔNICO E-CHIP";"4.2 TRANSFERÊNCIA DE TITULARIDADE (CÓD. 674)";"4.2.1 TRANSFERÊNCIA POR CESSÃO OU CISÃO";"Quando a transferência de titularidade for decorrente de cessão 49 ou cisão 50 , somente o titular do direito, aqui denominado cedente, ou seu procurador com poderes para praticar tal ato, poderá solicitar a transferência de titularidade do registro de topografia de circuito integrado. Se o pedido for feito pelo titular do direito este deverá assinar digitalmente o documento DV.";"Quando a transferência de titularidade for decorrente de cessão 49 ou cisão 50 , somente o titular do direito, aqui denominado cedente, ou seu procurador com poderes para praticar tal ato, poderá solicitar a transferência de titularidade do registro de topografia de circuito integrado. Se o pedido for feito pelo titular do direito este deverá assinar digitalmente o documento DV. No caso em que o titular do direito for representado por um procurador, ele deve assinar digitalmente a procuração e o procurador deve assinar digitalmente o documento DV com seu e-CPF."
"manual-de-topografias-de-circuitos-integrados.md";"Topografias de Circuitos Integrados";"4 COMO SOLICITAR OUTROS SERVIÇOS PELO FORMULÁRIO ELETRÔNICO E-CHIP";"4.2 TRANSFERÊNCIA DE TITULARIDADE (CÓD. 674)";"4.2.2 TRANSFERÊNCIA POR INCORPORAÇÃO OU FUSÃO";"E";"Em caso de transferência de titularidade por incorporação ou fusão 51 , o procedimento deve obrigatoriamente ser realizado pela nova empresa, aqui denominada cessionária, e em seu nome, tendo em vista que a sociedade incorporadora se torna titular dos ativos da sociedade incorporada, e é esta nova empresa que deverá assinar digitalmente o documento DV e a Procuração, se for o caso."
"manual-de-topografias-de-circuitos-integrados.md";"Topografias de Circuitos Integrados";"4 COMO SOLICITAR OUTROS SERVIÇOS PELO FORMULÁRIO ELETRÔNICO E-CHIP";"4.2 TRANSFERÊNCIA DE TITULARIDADE (CÓD. 674)";"4.2.3 OUTROS TIPOS DE TRANSFERÊNCIA";"Em se tratando de outros tipos de transferência de titularidade, a saber, por sucessão legítima ou testamentária 52 , por falência 53 , dentre outras, que envolvam o Poder Judiciário, a 48 Lei nº 11.484/2007, art. 41. 49 A transferência por cessão aplica-se aos casos em que uma pessoa física ou jurídica, denominada cedente, transfere os direitos sobre os registros de topografia de circuito integrado por meio de um instrumento de cessão a outra pessoa física ou jurídica, denominada cessionária. 50 A cisão é a operação pela qual a companhia transfere parcelas do seu patrimônio para uma ou mais sociedades, constituí...";"Em se tratando de outros tipos de transferência de titularidade, a saber, por sucessão legítima ou testamentária 52 , por falência 53 , dentre outras, que envolvam o Poder Judiciário, a 48 Lei nº 11.484/2007, art. 41. 49 A transferência por cessão aplica-se aos casos em que uma pessoa física ou jurídica, denominada cedente, transfere os direitos sobre os registros de topografia de circuito integrado por meio de um instrumento de cessão a outra pessoa física ou jurídica, denominada cessionária. 50 A cisão é a operação pela qual a companhia transfere parcelas do seu patrimônio para uma ou mais sociedades, constituídas para esse fim ou já existentes, extinguindo-se a companhia cindida, se houver versão de todo o seu patrimônio, ou dividindo-se o seu capital, caso a cisão seja parcial (artigo 229 da Lei 6.404/1976). 51 A incorporação é uma operação que ocorre quando uma ou mais sociedades são absorvidas por outra, que lhes sucede em todos os direitos e obrigações, o que inclui os direitos sobre registros de topografia de circuito integrado. A fusão, por sua vez, é uma operação que ocorre quando duas ou mais sociedades se unem para formar uma sociedade nova que também lhes sucede em todos os direitos e obrigações. 52 A transferência por sucessão legítima ou testamentária ocorre quando o registro é transferido em virtude de decisão judicial sobre partilha de bens. Manual do Usuário | e-Chip transferência se dará em virtude de decisão ou determinação judicial. Portanto, o INPI procederá à execução da transferência tão logo for comunicado pela Justiça, via Ofício."
"manual-de-topografias-de-circuitos-integrados.md";"Topografias de Circuitos Integrados";"4 COMO SOLICITAR OUTROS SERVIÇOS PELO FORMULÁRIO ELETRÔNICO E-CHIP";"4.2 TRANSFERÊNCIA DE TITULARIDADE (CÓD. 674)";"4.2.4 INFORMAÇÕES IMPORTANTES SOBRE TRANSFERÊNCIA";"O responsável pela alteração dos dados de transferência de titularidade terá a obrigação de, no formulário eletrônico, pelo menos excluir um ou mais titulares ou então, adicionar pelo menos um ou mais novos titulares, ou seja, ele poderá em síntese:  Excluir e adicionar um ou mais titulares;  Somente excluir um ou mais titulares; ou  Somente adicionar um ou mais titulares. Atenção: 1.";"O responsável pela alteração dos dados de transferência de titularidade terá a obrigação de, no formulário eletrônico, pelo menos excluir um ou mais titulares ou então, adicionar pelo menos um ou mais novos titulares, ou seja, ele poderá em síntese:  Excluir e adicionar um ou mais titulares;  Somente excluir um ou mais titulares; ou  Somente adicionar um ou mais titulares. Atenção: 1. Lembrar que, uma transferência equivocada, somente poderá ser corrigida se ocorrer nova petição de transferência a ser solicitada pelo(s) novo(s) titular(es) do direito; 2. Quando houver mais de um titular do direito (cedente) é prudente que o “termo de cessão” firmado entre as partes seja assinado por todos os envolvidos e este documento fique sob a guarda do cessionário; 3. No caso descrito anteriormente, havendo mais de um titular do direito, é igualmente prudente que exista um documento de autorização entre todos os titulares do direito para aquele titular que assinar o DV. Repetir os passos 3.3 a 3.7. Se sua solicitação de alteração de titularidade foi feita na forma da Instrução Normativa nº 109/2019, o sistema e-INPI publicará o ato de alteração na primeira RPI disponível, atualizando o Certificado de Registro no portal do INPI."
"manual-de-topografias-de-circuitos-integrados.md";"Topografias de Circuitos Integrados";"4 COMO SOLICITAR OUTROS SERVIÇOS PELO FORMULÁRIO ELETRÔNICO E-CHIP";"4.3 CORREÇÃO DE DADOS NO CERTIFICADO DE REGISTRO DEVIDO À FALHA DO";"4.3 CORREÇÃO DE DADOS NO CERTIFICADO DE REGISTRO DEVIDO À FALHA DO";"INTERESSADO (CÓD. 675) O titular do direito e/ou o seu procurador poderá solicitar a correção das informações contidas erroneamente no certificado de registro, por erro de preenchimento do formulário eletrônico por parte do usuário, mediante pagamento de retribuição e solicitação das correções via Fale Conosco 54 , informando o “Nosso Número” da GRU paga. As informações passíveis de correção são as listadas abaixo:  Dados do(s) criador(es);  Data de início da exploração anterior;  Título; 53 Os registros de topografia de circuito integrado são bens que podem compor o patrimônio da massa falida e podem ser tran...";"INTERESSADO (CÓD. 675) O titular do direito e/ou o seu procurador poderá solicitar a correção das informações contidas erroneamente no certificado de registro, por erro de preenchimento do formulário eletrônico por parte do usuário, mediante pagamento de retribuição e solicitação das correções via Fale Conosco 54 , informando o “Nosso Número” da GRU paga. As informações passíveis de correção são as listadas abaixo:  Dados do(s) criador(es);  Data de início da exploração anterior;  Título; 53 Os registros de topografia de circuito integrado são bens que podem compor o patrimônio da massa falida e podem ser transferidos mediante decisão judicial. 54 Manual do Usuário | e-Chip  Descrição da topografia; e  Incorporação autorizada. Efetivadas as devidas correções, o INPI disponibilizará o certificado de registro atualizado no seu portal."
"manual-de-topografias-de-circuitos-integrados.md";"Topografias de Circuitos Integrados";"4 COMO SOLICITAR OUTROS SERVIÇOS PELO FORMULÁRIO ELETRÔNICO E-CHIP";"4.4 REVOGAÇÃO OU RENÚNCIA DA PROCURAÇÃO (CÓD. 676)";"4.4 REVOGAÇÃO OU RENÚNCIA DA PROCURAÇÃO (CÓD. 676)";"O outorgante poderá solicitar, sem ônus e a qualquer tempo, mediante petição, a revogação da procuração apresentada anteriormente, anexando o documento DV, repetindo os passos 3.3, 3.4, 3.6 e 3.7 acima. Só é permitida uma revogação para cada procurador nomeado e não será permitida sua revogação parcial.";"O outorgante poderá solicitar, sem ônus e a qualquer tempo, mediante petição, a revogação da procuração apresentada anteriormente, anexando o documento DV, repetindo os passos 3.3, 3.4, 3.6 e 3.7 acima. Só é permitida uma revogação para cada procurador nomeado e não será permitida sua revogação parcial. O outorgado poderá solicitar, sem ônus, a qualquer tempo, mediante petição, a renúncia dos poderes da procuração apresentada anteriormente, anexando o documento DV, repetindo os passos 3.3, 3.4, 3.6 e 3.7 acima e comunicando imediatamente o fato ao outorgante. Não será permitida sua renúncia parcial. Neste caso, durante os 10 (dez) dias seguintes, o outorgado continuará a representar o outorgante, desde que necessário para lhe evitar prejuízo. O sistema e-INPI registrará a solicitação em uma Tabela de Revogação de Procuração, assegurando os 10 (dez) dias para o caso de renúncia."
"manual-de-topografias-de-circuitos-integrados.md";"Topografias de Circuitos Integrados";"4 COMO SOLICITAR OUTROS SERVIÇOS PELO FORMULÁRIO ELETRÔNICO E-CHIP";"4.5 RETIRADA DO PEDIDO EM SIGILO (CÓD. 677)";"4.5 RETIRADA DO PEDIDO EM SIGILO (CÓD. 677)";"Conforme seção 2.3.8 deste manual, o titular do direito, ou seu procurador, que tenha optado, no ato do depósito do pedido de registro de topografia de circuito integrado, por manter seu pedido em sigilo por 6 (seis), poderá solicitar a sua retirada, até 1 (um) mês antes do fim do prazo de sigilo, isto é, até o último dia dos 5 (cinco) primeiros meses do depósito, não produzindo este pedido qualquer efeito 55 . Para isso, será necessária a apresentação da petição de “Retirada do pedido em sigilo”, devendo-se executar os passos descritos nas seções 3.3 a 3.7 deste manual.";"Conforme seção 2.3.8 deste manual, o titular do direito, ou seu procurador, que tenha optado, no ato do depósito do pedido de registro de topografia de circuito integrado, por manter seu pedido em sigilo por 6 (seis), poderá solicitar a sua retirada, até 1 (um) mês antes do fim do prazo de sigilo, isto é, até o último dia dos 5 (cinco) primeiros meses do depósito, não produzindo este pedido qualquer efeito 55 . Para isso, será necessária a apresentação da petição de “Retirada do pedido em sigilo”, devendo-se executar os passos descritos nas seções 3.3 a 3.7 deste manual. O ato de retirada do pedido em sigilo será publicado na primeira RPI disponível. Se o pedido for feito pelo titular do direito, este deverá assinar o documento DV. No caso em que o titular do direito for representado por um procurador, ele deve assinar digitalmente a procuração e o procurador deve assinar digitalmente o documento DV usando seu e- CPF."
"manual-de-topografias-de-circuitos-integrados.md";"Topografias de Circuitos Integrados";"4 COMO SOLICITAR OUTROS SERVIÇOS PELO FORMULÁRIO ELETRÔNICO E-CHIP";"4.6 RENÚNCIA DO REGISTRO (CÓD. 678)";"4.6 RENÚNCIA DO REGISTRO (CÓD. 678)";"Para solicitar a renúncia ao registro de topografia de circuito integrado, devem-se executar os passos descritos nas seções 3.3 a 3.7 deste manual. Neste caso, publicado o ato de renúncia na primeira RPI, o certificado de registro será retirado do portal do INPI. 55 Lei nº 11.484/2007, art. 32, parágrafo único.";"Para solicitar a renúncia ao registro de topografia de circuito integrado, devem-se executar os passos descritos nas seções 3.3 a 3.7 deste manual. Neste caso, publicado o ato de renúncia na primeira RPI, o certificado de registro será retirado do portal do INPI. 55 Lei nº 11.484/2007, art. 32, parágrafo único. Manual do Usuário | e-Chip Se o pedido for feito pelo titular do direito, este deverá assinar o documento DV. No caso em que o titular do direito for representado por um procurador, ele deve assinar digitalmente a procuração e o procurador deve assinar digitalmente o documento DV. IMPORTANTE (12) Nos termos da lei 56 , da renúncia do registro decorre a sua extinção, caindo o objeto da proteção no domínio público."
"manual-de-topografias-de-circuitos-integrados.md";"Topografias de Circuitos Integrados";"5 PUBLICIDADE DOS REGISTROS";"";"5 PUBLICIDADE DOS REGISTROS";"O";"Os registros de topografia de circuito integrado depositados no INPI deverão ser publicados na sua íntegra 57 e disponibilizados no portal do INPI para consulta."
"manual-de-topografias-de-circuitos-integrados.md";"Topografias de Circuitos Integrados";"6 EXTINÇÃO DO REGISTRO";"";"6 EXTINÇÃO DO REGISTRO";"O registro de topografia de circuito integrado se extingue 58 pelo término do seu prazo de vigência ou pela renúncia do seu titular. Em ambos os casos, o objeto da proteção, isto é, os desenhos dessa topografia, cairão no domínio público.";"O registro de topografia de circuito integrado se extingue 58 pelo término do seu prazo de vigência ou pela renúncia do seu titular. Em ambos os casos, o objeto da proteção, isto é, os desenhos dessa topografia, cairão no domínio público. A extinção do registro será objeto de publicação na primeira RPI disponível a contar da data da extinção do mesmo."
"manual-de-topografias-de-circuitos-integrados.md";"Topografias de Circuitos Integrados";"7 NULIDADE DO REGISTRO";"";"7 NULIDADE DO REGISTRO";"A nulidade poderá ser feita administrativa ou judicialmente. No primeiro caso, o INPI poderá anular o registro de topografia de circuito integrado, quando eivado de vícios que o torne ilegal.";"A nulidade poderá ser feita administrativa ou judicialmente. No primeiro caso, o INPI poderá anular o registro de topografia de circuito integrado, quando eivado de vícios que o torne ilegal. O registro de topografia de circuito integrado desprovido do efetivo recolhimento da retribuição ensejará a sua nulidade administrativa. Quando for identificado um procedimento indevido na concessão do registro, o INPI tomará as devidas providências internas para promover sua nulidade administrativa e o sistema e-INPI publicará o ato de nulidade na primeira RPI disponível, com a consequente retirada do certificado de registro do portal do INPI. No segundo caso, o registro de topografia de circuito integrado será declarado nulo judicialmente se concedido em desacordo com as disposições da lei 59 . 56 Lei nº 11.484/2007, art. 38, parágrafo único. 57 Lei nº 11.484/2007, art. 34. 58 Lei nº 11.484/2007, art. 38. 59 Lei nº 11.484/2007, art. 39. Manual do Usuário | e-Chip Quando o INPI receber comunicado sobre processo judicial, será dada publicidade na RPI de que o processo encontra-se “Sub judice”. Quando algum interessado entrar com uma petição em processo com status “Sub judice”, o INPI aceitará a petição e aguardará a decisão judicial. Se a decisão da justiça for pela nulidade do processo, as petições que entraram não serão processadas e serão consideradas “Não Conhecidas”, automaticamente. Se a decisão da justiça for pela manutenção do registro, as petições que entraram serão processadas em seguida de forma automática. Quando o judiciário notificar a nulidade judicial do registro por Ofício, o INPI tomará as providências internas para atender o pleito e o sistema e-INPI publicará o ato de nulidade na primeira RPI disponível, com a consequente retirada do certificado de registro do p..."
"manual-de-topografias-de-circuitos-integrados.md";"Topografias de Circuitos Integrados";"8 RESTAURAÇÃO JUDICIAL";"";"8 RESTAURAÇÃO JUDICIAL";"A";"A restauração do registro de topografia de circuito integrado, determinada pelo Poder Judiciário, será objeto de publicação na RPI, com a consequente disponibilização do certificado de registro no portal do INPI."
"manual-de-topografias-de-circuitos-integrados.md";"Topografias de Circuitos Integrados";"9 COMUNICAÇÕES";"";"9 COMUNICAÇÕES";"Todas as comunicações oficiais dos atos e despachos relativos ao registro de topografia de circuito integrado serão feitas por meio da Revista Eletrônica da Propriedade Industrial – RPI. Outras solicitações, não previstas neste manual, poderão ser feitas mediante o uso da ferramenta “Fale Conosco” com a apresentação da pertinente justificativa. 60 Lei nº 11.484/2007, art. 40.";"Todas as comunicações oficiais dos atos e despachos relativos ao registro de topografia de circuito integrado serão feitas por meio da Revista Eletrônica da Propriedade Industrial – RPI. Outras solicitações, não previstas neste manual, poderão ser feitas mediante o uso da ferramenta “Fale Conosco” com a apresentação da pertinente justificativa. 60 Lei nº 11.484/2007, art. 40. Manual do Usuário | e-Chip ANEXO I TABELA DE RETRIBUIÇÃO E SERVIÇOS DE REGISTRO ELETRÔNICO DE TOPOGRAFIAS DE CIRCUITOS INTEGRADOS Resolução/INPI/PR nº 250, de 26 de setembro de 2019 Código Descrição do serviço Retribuição em Real"
"manual-de-topografias-de-circuitos-integrados.md";"Topografias de Circuitos Integrados";"675 – Correção de dados no";"";"675 – Correção de dados no";"c";"certificado de registro devido à falha do interessado O certificado de registro atualizado encontra-se disponível no portal do INPI."
"manual-de-topografias-de-circuitos-integrados.md";"Topografias de Circuitos Integrados";"677 – Retirada do pedido em";"";"677 – Retirada do pedido em";"s";"sigilo O pedido de registro em sigilo foi retirado, sem produção de qualquer efeito, conforme parágrafo único do art. 5º da IN nº XXX/2018."
"manual-de-topografias-de-circuitos-integrados.md";"Topografias de Circuitos Integrados";"678 – Renúncia do registro";"";"678 – Renúncia do registro";"A";"Art. 12 da IN nº XXX/2018: Homologada a renúncia do registro, com a retirada do certificado do portal do INPI, caindo o objeto da proteção no domínio público."
"manual-de-topografias-de-circuitos-integrados.md";"Topografias de Circuitos Integrados";"685 – Petição não conhecida";"";"685 – Petição não conhecida";"Parágrafo único do art. 7º da IN nº XXX/2018: identificada uma irregularidade no processo de validação, o que impediu a execução do serviço. O motivo é disposto no complemento.";"Parágrafo único do art. 7º da IN nº XXX/2018: identificada uma irregularidade no processo de validação, o que impediu a execução do serviço. O motivo é disposto no complemento."
"manual-de-topografias-de-circuitos-integrados.md";"Topografias de Circuitos Integrados";"689 – Extinção do registro";"";"689 – Extinção do registro";"R";"Registro extinto pelo término do prazo de vigência, caindo o objeto da proteção no domínio público, conforme parágrafo único do art."
